cell	formula	cached_value
S4	SUM(TDSal.IncChrgSal)	0
D7	D6+1	2
D8	D7+1	3
D9	D8+1	4
D10	D9+1	5
H11	SUM(TDSal.TotalTDSSal)	0
AA11	SUM(TDSal.IncChrgSal)	0
D21	D20+1	2
D22	D21+1	3
D23	D22+1	4
D24	D23+1	5
M30	MAX(0,H30+I30-J30)	0
D31	D30+1	2
M31	MAX(0,H31+I31-J31)	0
D32	D31+1	3
M32	MAX(0,H32+I32-J32)	0
D33	D32+1	4
M33	MAX(0,H33+I33-J33)	0
D34	D33+1	5
M34	MAX(0,H34+I34-J34)	0
J35	SUM(TDsOthr.tdsclaimed)	0
N42	MAX(0,I42+J42-K42)	0
D43	D42+1	2
N43	MAX(0,I43+J43-K43)	0
D44	D43+1	3
N44	MAX(0,I44+J44-K44)	0
D45	D44+1	4
N45	MAX(0,I45+J45-K45)	0
D46	D45+1	5
N46	MAX(0,I46+J46-K46)	0
K47	SUM(TDsOthr2.tdsclaimed)	0
D57	D56+1	2
D58	D57+1	3
D59	D58+1	4
D60	D59+1	5
