row	A	B	C	D	E	F	G	H	I	J	K	L	M	N	O	P	Q	R	S	T	U	V	W	X
3			Schedule 80GGC		Details of contributions made to political parties
5				Sl.No.	 Date of Contribution	Amount of Contribution			Eligible Amount of Contribution	Name of the political party	PAN of the political party	Transaction Reference number for UPI transfer / Cheque number/IMPS/NEFT/RTGS reference number	IFSC code of Bank
6						Contribution in Cash	Contribution in Other Mode	 Total Contribution
7				(i)	(ii)	(iii)	(iv)	(v)	(vi)	(vii)	(viii)	(ix)	(x)
8				1				0	0													0	FALSE	0
9				2				0	0													0	FALSE
10				3				0	0													0	FALSE
11				4				0	0													0	FALSE
12				5				0	0													0	FALSE
14					Total Contribution	0	0	0	0
