row	A	B	C	D	E	F	G	H	I	J	K	L	M	N	O	P
3			Schedule AL		Asset and Liability at the end of the year (applicable in a case where total income exceeds Rs.50 lakh)

4				A	Do you own any immovable asset? 
5				Details of immovable asset
6				Sl. No



(1)	Description



(2)	Address
(3)									Amount (cost) in Rs.


(4)
7						Flat/Door/Block No.	Name of Premises/Building/Village                                 	Road/Street/Post Office    	Area/locality                     	Town/City/District               	State                	Country                       	Pin code	Zip code
8				1
9				2
10				3
11				4
13				(Do not delete blank rows)
14				B	Details of movable asset
15				Sl. No
(1)	Description
(2)										Amount (cost) in Rs.
(3)
16				(i)	Jewellery, bullion etc.
17				(ii)	Archaeological collections, drawings, painting, sculpture or any work of art
18				(iii)	Vehicles, yachts, boats and aircrafts
19				(iv)	Financial asset
20					(a)    Bank (including all deposits)
21					(b)    Shares and securities
22					(c)    Insurance policies
23					(d)    Loans and advances given
24					(e)    Cash in hand
25				C	Do you have any Interest held in the assets of a firm or association of persons (AOP) as a partner or member thereof? 
26				Sl. No



(1)	Name of the firm(s)/ AOP(s)

(2)	 Address of the firm(s)/ AOP(s)
(3)									PAN of the firm/ AOP


(4)	Assessee’s investment in the firm/ AOP on cost basis
(5)
27						Flat/Door/Block No.	Name of Premises/Building/Village                                 	Road/Street/Post Office    	Area/locality                     	Town/City/District               	State                	Country                       	Pin code	Zip code
28				1
29				2
30				3
31				4
33				(Do not delete blank rows)
34				D	Liability in relation to Assets at (A + B + C)
