row	A	B	C	D	E	F	G	H	I	J	K	L	M	N	O	P	Q	R	S	T	U	V	W
3			Part A-P &L			Profit and Loss Account for the financial year 2025-26 (fill items 13 to 60 in a case where regular books of accounts are maintained, otherwise fill items 61 to 65 as applicable)
4				13	Gross profit transferred from Trading Account (12+12b+12d)						13	0
5				14	Other income
6					i	Rent			i
7					ii	Commission			ii
8					iii	Dividend income			iii
9					iv	Interest income			iv
10					v	Profit on sale of fixed assets			v
11					vi	Profit on sale of investment being securities chargeable to Securities Transaction Tax (STT)			vi
12					vii	Profit on sale of other investment			vii
13					viii	Gain (Loss) on account of  foreign exchange fluctuation u/s 43AA			viii
14					ix	Profit on conversion of inventory into capital asset u/s 28(via) 
(Fair Market Value of inventory as on the date of conversion)			ix
15					x	Agriculture income			x
16					xi	Any other income (specify nature and amount)
17						a.	Liabilities written back
18							Sl.No	Nature		Amount
19							a.	Liabilities written back
20							b.	Amount of interest due or received from partnership firm
21							c.	Amount of remuneration due or received from partnership firm
22							1
23							2
24							3
25								Total		0
27					xii	Total of other income (i + ii + iii + iv + v + vi + vii + viii + ix + x+ xi)					14xii	0
28				15	Total of credits to profit and loss account (13+14xii)						15	0
29				16	Freight outward 						16
30				17	Consumption of stores and spare parts						17
31				18	Power and fuel						18
32				19	Rent						19
33				20	Repairs to building						20
34				21	Repairs to machinery						21
35				22	Compensation to employees
36					i	Salaries and wages			22i
37					ii	Bonus			22ii
38					iii	Reimbursement of medical expenses			22iii
39					iv	Leave encashment			22iv
40					v	Leave travel benefits			22v
41					vi	Contribution to approved superannuation fund			22vi
42					vii	Contribution to recognised provident fund			22vii
43					viii	Contribution to recognised gratuity fund			22viii
44					ix	Contribution to any other fund			22ix
45					x	Any other benefit to employees in respect of which an expenditure has been incurred			22x
46					xi	Total compensation to employees 
(22i + 22ii + 22iii + 22iv + 22v + 22vi + 22vii + 22viii + 22ix + 22x)					22xi	0
47					xii	Whether any compensation, included in 22xi, paid to non-residents			xiia	(Select)
48						If Yes, amount paid to non-residents			xiib
49				23	Insurance
50					i	Medical Insurance			23i
51					ii	Life Insurance			23ii
52					iii	Keyman’s Insurance			23iii
53					iv	Other Insurance including factory, office, car, goods,etc.			23iv
54					v	Total expenditure on insurance (23i+23ii+23iii+23iv)					23v	0											0
55				24	Workmen and staff welfare expenses						24
56				25	Entertainment						25
57				26	Hospitality						26
58				27	Conference						27
59				28	Sales promotion including publicity (other than advertisement)						28
60				29	Advertisement						29
61				30	Commission
62					i	Paid outside India, or paid in India to a non-resident other than a company or a foreign company			i
63					ii	To others			ii
64					iii	Total (i + ii)					30iii	0
65				31	Royalty
66					i	Paid outside India, or paid in India to a non-resident other than a company or a foreign company			i
67					ii	To others			ii
68					iii	Total (i + ii)					31iii	0
69				32	Professional / Consultancy fees / Fee for technical services
70					i	Paid outside India, or paid in India to a non-resident other than a company or a foreign company			i
71					ii	To others			ii
72					iii	Total (i + ii)					32iii	0
73				33	Hotel , boarding and Lodging						33
74				34	Traveling expenses other than on foreign traveling						34
75				35	Foreign travelling expenses						35
76				36	Conveyance expenses						36
77				37	Telephone expenses						37
78				38	Guest House expenses						38
79				39	Club expenses						39
80				40	Festival celebration expenses						40
81				41	Scholarship						41
82				42	Gift						42
83				43	Donation						43
84				44	Rates and taxes, paid or payable to Government or any local body (excluding taxes on income)
85					i	Union excise duty			44i
86					ii	Service tax			44ii
87					iii	VAT/ Sales tax			44iii
88					iv	Cess			44iv
89					v	Central Goods & Service Tax (CGST)			44v
90					vi	State Goods & Services Tax (SGST)			44vi
91					vii	Integrated Goods & Services Tax (IGST)			44vii
92					viii	Union Territory Goods & Services Tax  (UTGST)			44viii
93					ix	Any other rate, tax, duty or cess including STT and CTT			44ix
94					x	Total rates and taxes paid or payable (44i+44ii+44iii+44iv+44v+ 44vi + 44vii + 44viii + 44ix)  					44x	0
95				45	Audit fee						45
96				46	Other expenses (Specify nature and amount)
97							Sl.No.	Nature		Amount
98							1
99							2
100							3
101							4
102								TOTAL 			46	0
104				47	Bad debts (specify PAN/Aadhaar no. of the person, if available,  respect of whom aggregate amount of Bad Debt for amount of Rs. 1 lakh or more is claimed during the year and amount of bad debt)
105				i		Sl.No.		PAN	Aadhaar Number	Amount
106						1
107						2
108						3
109						4
110						5
111						6
112						7
113						TOTAL					47i	0
115				ii	 Others (more than Rs. 1 lakh or more) where PAN/ Aadhaar No. is not available,  (provide name and complete address)
116					Sl.No.	Name		Flat/Door/Block No.	Name of Premises/Building/Village                                 	Road/Street/Post Office    	Area/locality                     	Town/City/District               	State                	Country                       	Pin code	Zipcode	Amount
117					1								(Select)	(Select)						0
118					2								(Select)	(Select)
119					3								(Select)	(Select)
120					4								(Select)	(Select)
122					TOTAL											47ii	0
123					iii	Others (amounts less than Rs. 1 lakh)			iii
124					iv	Total Bad Debt  (47i + 47ii + 47iii)					47iv	0
125				48	Provision for bad and doubtful debts						48
126				49	Other provisions						49
127				50	Profit before interest, depreciation and taxes[15 – (16 to 21 + 22xi + 23v + 24 to 29 + 30iii + 31iii + 32iii + 33 to 43 + 44x + 45 + 46 + 47iv + 48 + 49)]						50	0
128				51	Interest
129					i	Paid outside India, or paid in India to a non-resident other than a company or a foreign company			i
130					ii	To others			ii
131					iii	Total (i + ii)					51iii	0
132				52	Depreciation and amortization						52
133				53	Net Profit before taxes  (50 – 51iii – 52)						53	0
134			PROVISIONS FOR TAX AND APPROPRIATIONS	54	Provision for current tax						54
135				55	Provision for Deferred Tax 						55
136				56	Profit after tax (53 – 54 – 55)						56	0
137				57	Balance brought forward from previous year						57
138				58	Amount available for appropriation (56+ 57)						58	0
139				59	Transferred to reserves and surplus						59
140				60	Balance carried to balance sheet in proprietor’s account (58– 59)						60	0
141			COMPUTATION - PRESUMPTIVE INCOME	61	COMPUTATION OF PRESUMPTIVE BUSINESS INCOME UNDER SECTION 44AD
142				Sl.No.	Name of the Business			Business Code			Description
143				1
144				2
145				3
146				i	Gross Turnover or Gross Receipts  (iA+ iB + iC) (61(i) limited to Rs.2 Crores, however if 61(iB)+ 61(iC) is less than or equal to 5% of 61i then the limit under 61i is extended to Rs.3 Crores.)						0
147					A	Through a/c payee cheque or a/c payee bank draft or bank electronic clearing system received before specified date or other prescribed electronic modes before specified date
148					B	Receipts in Cash 
149					C	Any mode other than A and B
150				ii	Presumptive income under section 44AD(iiA+iiB)						0
151					a	6% of 61iA, or the amount claimed to have been earned, whichever is higher 
152					b	8% of [61(iB) + 61(iC)], or the amount claimed to have been earned, whichever is higher
153				Note: If income is less than  the above percentage  of Gross Receipts/Turnover, it is mandatory to maintain books of accounts and have a tax audit under 44AB
154				62	COMPUTATION OF PRESUMPTIVE  INCOME FROM PROFESSIONS UNDER SECTION 44ADA 
155				Sl.No.	Name of the Business/ Profession			Business Code			Description
156				1
157				2
158				3
159					i	Gross Receipts 62 (i) limited to Rs.50 Lakhs, however if 62(iB)+ 62(iC) is less than or equal to 5% of 62(i) then limit under 62(i) is extended to Rs.75 Lakhs.) 					0
160					A	Through a/c payee cheque or a/c payee bank draft or bank electronic clearing system or prescribed electronic modes received before specified date
161					B	Receipts in Cash 
162					C	Any mode other than A and B
163					ii	Presumptive Income under section 44ADA (50% of 62i, or the amount claimed to have been earned, whichever is higher) 
164				Note: If income is less than 50% of Gross Receipts, it is mandatory to maintain books of accounts and have a tax audit under 44AB 
165				63	COMPUTATION OF PRESUMPTIVE INCOME FROM GOODS CARRIAGES UNDER SECTION 44AE
166				Sl.No.	Name of the Business			Business Code			Description
167				1				(Select)
168				2				(Select)
169				3				(Select)
170				(i)	Serial number
171				Sl.No.	Registration No. of goods carriage			Whether owned/leased/hired	Tonnage Capacity of goods carriage(in MT)	Number of months for which goods carriage was owned / leased / hired by assessee	Presumptive income u/s 44AE for the goods carriage (Computed @ Rs.1000 per tone per month in case tonnage exceeds 12MT, or else @ Rs.7500 per month) or the amount claimed to have been earned, whichever is higher

172				1				(Select)														0	0
173				2				(Select)														0	0
174				3				(Select)														0	0
175				4				(Select)														0	0
176				5				(Select)														0	0
177				6				(Select)														0	0
178				7				(Select)														0	0
179				8				(Select)														0	0
180				9				(Select)														0	0
181				10				(Select)														0	0
183					Total					0	0
184				ii	Total presumptive income from goods carriage u/s 44AE [total of column (5) of table at Point 63(i)						0
185				Note: If the profits are lower than prescribed under S.44AE or the number of goods carriage owned / leased / hired at any time during the year exceeds 10, then , it is mandatory to maintain books of accounts and have a tax audit under 44AB
186				64	IF  REGULAR BOOKS OF ACCOUNT OF BUSINESS OR PROFESSION ARE NOT MAINTAINED, furnish the following information for previous year 2025-26 in respect of business or profession-
187					i	For assessee carrying on Business
188						a	Gross receipts (a1+a2)
For wireframe: Gross Receipts					0
189							1	Through a/c payee cheque or a/c payee bank draft or bank electronic clearing system received or other prescribed electronic modes before specified date
190							2	Any other mode
191						b	Gross profit
192						c	Expenses
193						d	Net profit					0
194					ii	For assessee carrying on Profession
195						a	Gross receipts (a1 + a2)					0
196							i	Through a/c payee cheque or a/c payee bank draft or bank electronic clearing system received before specified date or other prescribed electronic modes before specified date
197							ii	Any other mode
198						b	Gross profit
199						c	Expenses
200						d	Net profit					0
201					iii	Total Profit (64(i)d+ 64(ii)d)						0
202				65	i	Turnover From Speculative Activity
203					ii	Gross Profit
204					iii	Expenditure, if any
205					iv	Net Income From Speculative Activity (65ii-65iii)						0
206				66	In case of Non-Resident, if the total income comprises of profits and gains from business referred to in sections 44B, 44BB, 44BBA, 44BBC or  44BBD, furnish the following information 
207				66a	Gross receipts/ Turnover (Total) (ai+aii+aiii+aiv+av)						66a	0
208					ai	Section 44B					ai
209					aii	Section 44BB					aii
210					aiii	Section 44BBA					aiii
211					aiv	Section 44BBC					aiv
212					av	Section 44BBD					av
213				66b	Net Profit (Total) (bi+bii+biii+biv+bv)						66b	0
214					bi	Section 44B					bi
215					bii	Section 44BB					bii
216					biii	Section 44BBA					biii
217					biv	Section 44BBC					biv
218					bv	Section 44BBD					bv
