row	A	B	C	D	E	F	G	H	I	J	K	L	M	N	O	P	Q	R	S	T	U	V	W	X	Y	Z	AA	AB	AC	AD	AE	AF	AG	AH	AI	AJ	AK	AL	AM	AN	AO	AP	AQ	AR	AS	AT	AU	AV
2																0	0	0	0
3			Schedule DPM		Depreciation on Plant and Machinery (Other than assets on which full capital expenditure is allowable as deduction under any other section)											0	0	0	0	0	0
4			DEPRECIATION ON PLANT AND MACHINERY	1	Block of assets 	Plant and machinery 
5				2	Rate (%) 	15	30	40	45
6						(i) 	(ii) 	(iii) 	(iv)																																				50	60	80	100
7				3a.	Written down value on the first day of previous year   															15	30	40	50	60	80	100																			(iv) 	(v) 	(vi) 	(vii) 
8				3(b)	Written down value on the first day of previous year, of those block of assets which were eligible for depreciation @ 50%, 60% or 80% as per the old Table
9				3a	Amount as adjusted  on account of opting for taxation  under section 115BAC 
10				3b	Adjusted Written down value on the first day of previous year   (3) + (3a)		0	0	0
11				3b.	Adjustment as per second proviso to sub  section 3 of section 115BAC
(Refer to Rule 5)
12				3	Total (3a+3b) 	0	0	0	0
13				4	Additions for a period of 180 days or more in the previous year 														Total Counted Value at 16 DPM	0	0	0	0	0	0	0
14				5	Consideration or other realization during the previous year out of  3 or  4
15				6	Amount on which depreciation at full rate to be allowed (3 + 4 -5)  (Enter 0, if result is negative)	0	0	0	0
16				7	Additions for a period of less than 180 days in the previous year   																																								0	0	0	0
17				8	Consideration or other realizations during the year out of 7 															B5	B10	B100	F10	I25	S20
18				9	Amount on which depreciation at half rate to be allowed (7 – 8)     (Enter 0, if result is negative)	0	0	0	0										Total Counted Value at 16 DOA	0	0	0	0	0	0
19				10	Depreciation on 6 at full rate  	0	0	0	0																																				0	0	0	0
20				11	Depreciation on 9 at half rate 	0	0	0	0																																				0	0	0	0
21				12	Additional depreciation, if any, on 4 																																								0	0	0	0
22				13	Additional depreciation, if any, on 7 
23				14	Additional depreciation relating to immediately preceding  year' on asset put to use for less than 180 days
24				15	Total depreciation (10+11+12+13+14) 	0	0	0	0
25				16	Depreciation disallowed under section 38(2) of the I.T. Act (out of column 15)	0		0
26				17	Net aggregate depreciation (15-16)	0	0	0	0
27				18	Proportionate aggregate depreciation allowable in the event of succession, amalgamation, demerger etc. (out of column 17)	0		0
28				19	Expenditure incurred in connection with transfer of asset/ assets 															15	30	40	50	60	80	100																			0	0	0	0
29				20	Capital gains/ loss under section 50 (5 + 8 -3-4 -7 -19)  (Enter negative only if block ceases to exist)	0	0	0											Val Enter By User At DPM16	123123	1233	13123
30				21	Written down value on the last day of previous year (6+ 9 -15)    (enter 0 if result is negative)	0	0	0	0
31					Block Ceases to Exist. Select Y / N 	Y	N	N	N	N	N	N																																	0	0	0	0
33			Schedule DOA 		Depreciation on Other assets(Other than assets on which full capital expenditure is allowable as deduction) 															B5	B10	B100	F10	I25	S20
34			DEPRECIATION ON OTHER ASSETS	1	Block of assets 	Land	Building(not including land)			Furniture and Fittings	Intangible assets 	Ships 							Val Enter By User at DOA 16	30282	2323	555	12312313	23232323
36				2	Rate (%) 	Nil	5	10	40	10	25	20
37						(i)	(ii) 	(iii) 	(iv) 	(v) 	(vi) 	(vii) 
38				3	Written down value on the first day of previous year  
39				4	Additions for a period of 180 days or more in the previous year  
40				5	Consideration or other realization during the previous year out of  3 or  4  
41				6	Amount  on which depreciation  at  full rate to be allowed (3 + 4  -5)     (Enter 0, if result is negative)		0	0	0	0	0	0
42				7	Additions for a period of less than 180 days in the previous year    
43				8	Consideration or other realizations during the year out of 7 
44				9	Amount  on  which depreciation at half rate to be allowed (7-8)    (Enter 0, if result is negative)		0	0	0	0	0	0
45				10	Depreciation on 6 at full rate  		0	0	0	0	0	0
46				11	Depreciation on 9 at half rate 		0	0	0	0	0	0
47				12	Additional depreciation, if any, on 4 		0	0				0
48				13	Additional depreciation, if any, on 7 		0	0				0
49				12	Total depreciation (10+11) 		0	0	0	0	0	0
50				13	Depreciation disallowed under section 38(2) of the I.T. Act (out of column 12)		0
51				14	Net aggregate depreciation (12-13)		0	0	0	0	0	0
52				15	Proportionate aggregate depreciation allowable in the event of succession, amalgamation, demerger etc. (out of column 14)		0						 
53				16	Expenditure incurred in connection with transfer of asset/ assets 
54				17	Capital gains/ loss under section 50 (5 + 8 -3-4 -7 -16) (Enter negative only if block ceases to exist)  
55				18	Written down value on the last day of previous year (6+ 9 -12)  (enter 0 if result is negative)	0	0	0	0	0	0	0
