row	A	B	C	D	E	F	G	H	I	J	K	L	M	N	O	P	Q	R	S	T	U	V	W	X	Y	Z	AA	AB	AC	AD	AE	AF	AG	AH	AI	AJ	AK	AL	AM	AN	AO	AP	AQ	AR	AS	AT	AU	AV	AW	AX	AY	AZ	BA	BB	BC
1																																					1b	0	1c	0				PTI TABLE
2																																					1a	0	1d	0
3			Sch OS		Income from other Sources																																1aiii	0						PTI_5A1ai	0	PTI_5A1aiiac	0	PTI_5AD1i	0	PTI_5BBDA	0	PTI_5BBE	0	Total	0
4				1	 Gross income chargeable to tax at normal applicable rates  (1a + 1b + 1c + 1d + 1e)					0																																		PTI_5A1aii	0	PTI_5A1aiii	0	PTI_5AD1iP	0	PTI_5BBF	0	PTI_1	0
5					a 	Dividends, Gross (ai +aii+aiii)			1a	0																																		PTI_5A1aiia	0	PTI_5A1b	0	PTI_5ACA1a	0	PTI_5BBG	0
6					ai	Dividend income [other than (ii) and (iii)]			1ai	0																																		PTI_5A1aA	0	PTI_5A1aiiaci	0	PTI_5AD1iDiv	0	PTI_5AC1b	0
7					aii	Dividend income u/s 2(22)(e)			1aii	0																																		PTI_5A1aiiaaP	0					PTI_5BBJ	0
8					aiii	Dividend income u/s 2(22)(f)			1aiii																																			PTI_5A1aiiaa2P	0
9					b 	Interest  Gross (bi + bii + biii + biv + bv+bvi+bvii+bviii+bix)			1b	0																																		PTI_5A1aiiaa	0	PTI_5A1bB	0	PTI_5BBA	0	PTI_5Ea	0
10						i	From Savings Bank		1bi																																			PTI_5A1aiiab	0	PTI_5AC1a	0	PTI_5BBC	0	PTI_5BB	0
11						ii	From Deposit (Bank/ Post Office/ Co-operative Society)		1bii
12						iii	From Income Tax refund		1biii																																			PTI_5A1aiiaaP	0	PTI_5A1aiiaci	0	PTI_5AD1iDiv	0	PTI_5AC1b	0
13						iv	In the nature of  Pass through income\loss		1biv																																			PTI_5A1ai	0	PTI_5A1aiiac	0	PTI_5AD1i	0	PTI_5BBDA	0	PTI_5BBE	0	Total	0
14						v	Interest accrued on contributions to provident fund to the extent taxable as per first proviso to section 10(11)		1bv																																			PTI_5A1aA	0
15						vi	Interest accrued on contributions to provident fund to the extent taxable as per Second proviso to section 10(11)		1bvi																																			PTI_5A1aiiaa2P	0
16						vii	Interest accrued on contributions to provident fund to the extent taxable as per first proviso to section 10(12) 		1bvii
17						viii	Interest accrued on contributions to provident fund to the extent taxable as per second proviso to section 10(12)		1bviii																																									PTI_5BBJ	0
18			OTHER SOURCES			ix	Others including interest from Companies, NBFCs & HFCs		1bix																																			PTI_5A1aii	0	PTI_5A1aiii	0	PTI_5AD1iP	0	PTI_5BBF	0	PTI_1	0
19					c 	Rental income from machinery, plants, buildings, etc., Gross 			1c																									Dtaa(1a)	0									PTI_5A1aiia	0	PTI_5A1b	0	PTI_5ACA1a	0	PTI_5BBG	0
20					d 	Income of the nature referred to in section 56(2)(x) which is chargeable to tax (di + dii + diii + div + dv)			1d	0																								Dtaa(1b)	0									PTI_5A1aiiaa	0	PTI_5A1bB	0	PTI_5BBA	0	PTI_5Ea	0
21						i	Aggregate value of sum of money received without consideration 		1di																									Dtaa(115BB)	0									PTI_5A1aiiab	0	PTI_5AC1a	0	PTI_5BBC	0	PTI_5BB	0
22						ii	In case immovable property is received without consideration, stamp duty value of property 		1dii
23						iii	In case immovable property is received for inadequate consideration, stamp duty value of property in excess of such consideration as adjusted as per section 56(2)(x)		1diii
24						iv	In case any other property is received without consideration, fair market value of  property		1div
25						v	In case any other property is received for inadequate consideration, fair market value of property in excess of such consideration		1dv
26					e	Any other income (please specify nature)				0
27						Sl. No	Nature			Amount
28						1	Family Pension
29						2	Income from retirement benefit account maintained in a notified country u/s 89A			0
30						2a	United States of America
31						2b	United Kingdom of Great Britain and Northern Ireland
32						2c	Canada
33						3	Income from retirement benefit account maintained in a country other than notified country u/s 89A
34						4	Income taxable during the previous year on which relief u/s 89A was claimed in any earlier previous year
35						5	Any specified sum received by a unit holder from a business trust during the previous year referred to in section 56(2)(xii)
36						6	Any sum is received, including the amount allocated by way of bonus, at any time during a previous year, under a life insurance policy referred to in section 56(2)(xiii)
37						7
38						8
40				2	Income chargeable at special rates  (2ai+2aii+2b+ 2c+ 2d + 2e + 2f elements related to sl.no.1)				2	0																		OS_Section Breakup
41					ai	Winnings from lotteries, crossword puzzles, races, card games etc. chargeable u/s 115BB			2ai																			1a	0
42					aii	Income by way of winnings from online games chargeable u/s 115BBJ																					For AY 2025-26 By Sai	1aiii	0
43						i	Gross winnings from online games		2aii
44						ii	Adjustment as per Rule 133
45					aii	Income by way of winnings from online games chargeable u/s 115BBJ			2aii																			1aiii	0
46					b	Income chargeable u/s 115BBE (bi + bii + biii + biv+ bv + bvi)			2b	0
47						i	Cash credits u/s 68		2bi
48						ii	Unexplained investments u/s 69		2bii
49						iii	Unexplained money etc. u/s 69A		2biii
50						iv	Undisclosed investments etc. u/s 69B		2biv
51						v	Unexplained expenditure etc. u/s 69C		2bv
52						vi	Amount borrowed or repaid on hundi u/s 69D		2bvi
53					c	Accumulated balance of recognised provident fund taxable u/s 111			c	0
54						Sl. No	Assessment Year	Income Benefit		Tax Benefit
55						1	(Select)																												5A1aiia	0	5A1bA	0	5BBA	0
56						2	(Select)																												5A1aii	0	5A1aiii	0	5AD1ip	0
57						3	(Select)																												5A1aii	0	5A1aiii	0	5AD1ip	0
58																																			5A1ai	0	5A1aiiac	0	5AD1i	0
59						Total				0																									111	0	5ACA(1)(a)	0	5BBC	0
60					d	Any other income chargeable at special rate (total of di to dxx)			d	0														OS Section	OS Value			1b	0						5BBF	0	5BBG	0	5BBDA	0
61						Sl. No	Nature	Amount																											5A1aiiaci	0	5A1aiiaaP	0	5AD1iDiv	0
62						1																		0	0			#VALUE!	0						5A1aA	0	5A1aiiaa2P	0	5AC1b	0
63						2																		0	0			#VALUE!	0						1b	0	5A1aiiab	0	5AC1a	0	Total
64						3																		0	0			#VALUE!	0						1a	0	5A1aiiaa	0	5A1bB	0	5Ea	0
65						4																		0	0			#VALUE!	0
66						5																		0	0			#VALUE!	0
69					e	Pass through income in the nature of income from other sources claimed as chargeable at special rates				0
70						Sl. No	Nature	Amount
71						1																						#VALUE!	0
72						2																						#VALUE!	0
73						3																						#VALUE!	0
74						4																						#VALUE!	0
75						5																						#VALUE!	0
76						6																						#VALUE!	0
78					f	Amount included in 1 and 2 above, which is claimed as chargeable at special rates in India as per DTAA (total of column (2) of table below) (Applicable for Non-residents only)								0															OS_DTAA BREAKUP
79						Sl. No	Amount of income	Item No.1ai, 1aiii, 1b to 2 in which included	Country name  & code	Article of DTAA	Rate as per Treaty
(enter NIL, if not chargeable)	Whether TRC obtained
(Y/N)	Section of I.T. Act	Rate as per I.T. Act	Applicable rate [lower of (6) or (9)]				0	Newly added by Bindu  as per BA Shubham							Section Code	Src Amt	Section amt	Appropriate Section	Section Value Check	Is empty					Residentialstatuscheck		NRI	5A1aiia	0			5A1bA	0	5BBA	0
80						1		(Select)	(Select)						0												0	0	0	0	1	0					111	0		5A1aii	0	1b	0	5A1aiii	0	5AD1ip	0
81						2		(Select)	(Select)						0												0	0	0	0	1	0					115BBDA	0		5A1ai	0	1a	0	5A1aiiac	0	5AD1i	0
82						3		(Select)	(Select)						0									os.BalanceNoRaceHorse			0	0	0	0	1	0					115BBE	0		111	0	1aiii	0	5ACA(1)(a)	0	5BBC	0	5A1aiiab	0	5AC1a	0	Total	0
83						4		(Select)	(Select)						0												0	0	0	0	1	0					115BBF	0		5BBF	0			5BBG	0	5BBDA	0	5A1aiiaa	0	5A1bB	0	5Ea	0
84						5		(Select)	(Select)						0												0	0	0	0	1	0						0			0				0		0		0		0		0
85																																					115BBG	0		5BB	0					5AC1b	0
86				3	Deductions under section 57 (other than those relating to income chargeable at special rates under 2a, 2b & 2d)																																			56(2)(i)	0	56(2)(iii)	0
87					a(i) 	Expenses / deductions other than “aii” (in case of other than family pension)			3ai																															56(2)-Interest	0	56(2)(x)	0
88					a(ii)	Deduction u/s 57 (iia) (in case of family pension only)			3aii	0																														5A1aA	0
89					b 	Depreciation			3b																															5BBJ	0
90					c	Interest expenditure u/s 57(i) [available only if income offered in 1a(i) and / or 1a(ii)]
91						Interest expenditure claimed				0
92					i	Eligible amount of interest expenditure u/s 57(1) – computed value			3c	0
93					d	Total  			3d	0
94				4	Amounts not deductible u/s 58				4											0	0	0		For AY 2025-26
95				5	Profits chargeable to tax u/s 59				5											0	0			0
96				5a	Income claimed for relief from taxation u/s 89A				5a
97				6	Net Income from other sources chargeable at normal applicable rates 1(after reducing income related to DTAA portion)-3+4+5 -5a (If negative take the figure to  4i of schedule CYLA)						6	0								4
98				7	Income from other sources (other than from owning race horses)(2+6)  (enter   6 as nil, if negative)						7	0								6000
99				8	Income from the activity of owning and maintaining race horses 															0
100					a 	Receipts 			8a											0
101					b 	Deductions under section 57 in relation to receipts at 8a only			8b											0	0	0	0	0	0
102					c	Amounts not deductible u/s 58			8c											0	0	0	0
103					d	Profits chargeable to tax u/s 59			8d										for AY 2025-26	0	0	0	0
104					e	Balance (8a - 8b + 8c + 8d) (if negative take the figure to 10xii of Schedule CFL) 					8e	0							0	0	0	0	0
105				9	Income under the head “Income from other sources” (7 + 8e) (take 8e as nil if negative)						9	0								0	0	0	0
106				10	Information about accrual/receipt of income from Other Sources															0
107					Sl. No.	Other Source Income		Upto 15/6
     (i)	From 16/6 to 15/9
            (ii)	From 16/9 to 15/12
         (iii)	From 16/12 to 15/3
         (iv)	From 16/3 to 31/3
      (v)								0	0
108					1	Income by way of winnings from lotteries, crossword puzzles, races, games, gambling, betting etc. referred to in section 2(24)(ix)														0
109					2	Income by way of winnings from  online games u/s 115BBJ														0
110					3a	Dividend Income referred in Sl. No. 1a(i)														0	0
111					3b	Dividend Income referred in Sl. No. 1a(iii)													for AY 2025-26	0	0
112					4	Dividend Income u/s 115A(1)(a)(i)  other than as per proviso to sec 115A(1)(a)(A)  @ 20% (Including PTI Income)														0								For AY 2025-26 by Sai	0		5A1ai	0	0	0																		(Select)
113					5	Dividend Income as per proviso to sec 115A(1)(a)(A) @10%  (Including PTI Income)														0											5A1aA	0	0	0																		5ACA1a - 115ACA(1)(a) -  Income from GDR purchased in foreign currency  - resident
114					6	Dividend Income u/s 115AC   @ 10% (Including PTI Income)														0											5AC1b	0	0	0																		5AD1i - 115AD(1)(i) - Income (other than dividend) received by an FII in respect of securities (other than units as per Sec 115AB)
115					7	Dividend Income u/s 115ACA (1)(a) @ 10% (Including PTI Income)														0											5ACA1a	0	0	0																		5AD1iP - 115AD(1)(i) - Income received by an FII in respect of bonds or government securities as per Sec 194LD
116					6	Dividend Income u/s 115A(1)(a)(iiac) @ 10% 
(Including PTI Income)														0														0																		5BBF - 115BBF - Income from patent
117					8	Dividend Income (other than units referred to in section 115AB) u/s 115AD(1)(i) @ 20% (Including PTI Income)														0											5AD1iDiv	0	0	0																		5BBG - 115BBG - Income from Transfer of carbon credits   
118					9	Income from retirement benefit account maintained in a notified country u/s 89A but not claimed for relief from taxation u/s 89A														0																																5AD1iDiv-Income (being dividend) received by an FII in respect of securities (other than units referred to in section 115AB) - chargeable u/s 115AD(1)(i)
119					10	Dividend income taxable at DTAA rates														0
120			NOTE  	Please include the income of the specified persons (spouse, minor child, etc.)  referred to in Schedule SPI while computing the income under this head

