row	A	B	C	D	E	F	G	H	I	J	K
3			Schedule UD				Unabsorbed depreciation and allowance under section 35(4)
5					Depreciation				Allowance under section 35(4)
6			Sl. No. (1)	Assessment Year          (2)	Amount of brought forward unabsorbed depreciation
 (3)	Amount as adjusted on account of opting for taxation u/s 115BAC (1A)       (3a)	Amount of depreciation set-off against the current year income
(4)	Balance Carried forward to the next year 
(5)	Amount of brought forward unabsorbed allowance
 (6)	Amount of allowance  set-off against the current year income
(7)	Balance Carried forward to the next year 
(8)
7			1	2026-27
8			2					0			0
9			3					0			0
10			4					0			0
11			5					0			0
12			6					0			0
13			7					0			0
14			8					0			0
15			9					0			0
16			10					0			0
17			11					0			0
18			12					0			0
19				Total	0	0	0	0	0	0	0
21			* Note: Assessment Year in Col (2) is mandatory 
