row	A	B	C	D	E	F	G	H	I	J	K	L	M	N	O	P	Q	R	S	T	U	V	W	X	Y	Z	AA	AB	AC	AD
3			Sch CFL Details of Losses to be carried forward to future years			Details of Losses to be carried forward to future Years
4			CARRY FORWARD OF LOSS	Serial No	Assessment Year
(1)	Date of filling (2)	House
property loss
(3)			Loss from business other than  loss from speculative business and specified business			Loss from speculative business
(6)	Loss from Specified business
(7)	Short-term
capital loss
(4)			Long-term
Capital loss
			Loss
from owning
and maintaining race horses

5										Brought forward Business Loss
(5a)	Amount as adjusted on account of opting for taxation u/s 115BAC
(5b)	Brought forward Business  Loss available for set off during the year
(5c=5a-5b)
6				i	2010-11																									date for Validation
7				ii	2011-12																									38808
8				iii	2012-13																									39173
9				iv	2013-14			0	0								0			0										39539
10				v	2014-15			0	0			0					0			0										39904
11				i	2015-16															0										40269
12				i	2016-17			0	0			0					0			0										40634
13				i	2017-18			0	0			0					0			0										41000
14				i	2018-19				0								0			0
15				ii	2019-20			0	0			0					0			0
16				iii	2020-21				0			0					0			0
17				iv	2021-22				0			0					0			0
18				v	2022-23				0								0			0
19				vi	2023-24				0								0			0
20				vii	2024-25				0								0			0
21				viii	2025-26				0								0			0
22				ix	Total of earlier year losses		0		0			0	0	0	0		0	0		0	0									41365
23				x	Adjustment of above losses in Schedule BFLA		0		0			0	0	0	0		0	0		0	0
24				xi	2026-27 (Current year losses)		0		0			0	0	0	0		0	0		0	0			0	0	0
25				xii	Total loss Carried
Forward to future
years		0		0			0	0	0	0		0	0		0	0
